{"cameraMode":{"drawMode":0,"name":"Shaded","section":"Shading Mode"},"sceneLighting":false,"audioPlay":false,"sceneViewState":{"m_AlwaysRefresh":false,"showFog":true,"showSkybox":false,"showFlares":true,"showImageEffects":true,"showParticleSystems":true,"showVisualEffectGraphs":true,"m_FxEnabled":true},"in2DMode":false,"pivot":{"x":-51.444664001464847,"y":-7.729485034942627,"z":19.717609405517579},"rotation":{"x":0.01177104003727436,"y":-0.8565744757652283,"z":0.019535358995199205,"w":0.5155443549156189},"size":20.84833335876465,"orthographic":false}